{
    "loss": 0.2667563259601593,
    "accuracy": 0.9051724076271057
}