{
    "loss": 0.19512055814266205,
    "accuracy": 0.931034505367279
}